<rss xmlns:media="http://search.yahoo.com/mrss/" xmlns:dc="http://purl.org/dc/elements/1.1/" xmlns:content="http://purl.org/rss/1.0/modules/content/" version="2.0"><channel><title>NBC News Top Stories</title><link>https://www.nbcnews.com/</link><description>NBC News Top Stories</description><language>en-US</language><copyright>© 2019 NBCNews.com</copyright><lastBuildDate>Fri, 18 Oct 2019 20:38:00 GMT</lastBuildDate><image><url>https://media1.s-nbcnews.com/i/MSNBC/Components/Media/NBC-promo-graphics/nbc-news.png</url><title>NBC News Top Stories</title><link>https://www.nbcnews.com/</link></image><item><guid>https://www.nbcnews.com/politics/politics-news/sondland-backed-effort-shake-leadership-ukraine-s-state-energy-company-n1068711?cid=public-rss_20191019</guid><title>Sondland backed effort to &#39;shake up&#39; leadership at Ukraine&#39;s state energy company</title><dateTimeWritten>Fri, 18 Oct 2019 21:16:02 GMT</dateTimeWritten><pubDate>Fri, 18 Oct 2019 20:38:00 GMT</pubDate><updateDate>Fri, 18 Oct 2019 21:16:02 GMT</updateDate><expires></expires><link>https://www.nbcnews.com/politics/politics-news/sondland-backed-effort-shake-leadership-ukraine-s-state-energy-company-n1068711?cid=public-rss_20191019</link><dc:creator>Dan De Luce and Josh Lederman and Ari Sen</dc:creator><description>The Ukrainian government saw Sondland&#39;s push as part of a broader effort linked to Giuliani and his associates.</description><media:content url="https://media3.s-nbcnews.com/i/newscms/2019_42/3058976/191018-sondland-mn-1240_6bf628cd48e5752bb608e60f7ddda2f0.jpg" medium="image" height="1667" width="2500"><media:credit>Pablo Martinez Monsivais</media:credit><media:text type="plain">Image: Gordon Sondland</media:text><media:description type="plain">Gordon Sondland, U.S. ambassador to the European Union, arrives at the Capitol on Oct. 17, 2019.</media:description></media:content></item><item><guid>https://www.nbcnews.com/politics/2020-election/hillary-clinton-says-russia-grooming-3rd-party-candidate-u-s-n1068786?cid=public-rss_20191019</guid><title>Hillary Clinton suggests Russia is grooming Gabbard for third-party run</title><dateTimeWritten>Sat, 19 Oct 2019 00:54:36 GMT</dateTimeWritten><pubDate>Sat, 19 Oct 2019 00:23:00 GMT</pubDate><updateDate>Sat, 19 Oct 2019 00:54:36 GMT</updateDate><expires></expires><link>https://www.nbcnews.com/politics/2020-election/hillary-clinton-says-russia-grooming-3rd-party-candidate-u-s-n1068786?cid=public-rss_20191019</link><dc:creator>Associated Press and Dareh Gregorian and Monica Alba</dc:creator><description>The Hawaii lawmaker responded by slamming the former first lady as &#34;the queen of warmongers.&#34;</description><media:content url="https://media1.s-nbcnews.com/i/newscms/2019_42/3059176/191018-tulsi-gabbard-al-1455_283b6c48ee6cd61de508fd694fb8b666.jpg" medium="image" height="1667" width="2500"><media:credit>Scott Morgan</media:credit><media:text type="plain">Image: Tulsi Gabbard</media:text><media:description type="plain">Tulsi Gabbard speaks during the Presidential Gun Sense Forum in Des Moines, Iowa, on Aug. 10, 2019.</media:description></media:content></item><item><guid>https://www.nbcnews.com/news/latino/hud-officials-knowingly-failed-comply-law-stalled-puerto-rico-hurricane-n1068761?cid=public-rss_20191019</guid><title>HUD officials admit they knowingly stalled Puerto Rico housing relief funds</title><dateTimeWritten>Sat, 19 Oct 2019 02:17:45 GMT</dateTimeWritten><pubDate>Fri, 18 Oct 2019 23:01:00 GMT</pubDate><updateDate>Sat, 19 Oct 2019 02:17:45 GMT</updateDate><expires></expires><link>https://www.nbcnews.com/news/latino/hud-officials-knowingly-failed-comply-law-stalled-puerto-rico-hurricane-n1068761?cid=public-rss_20191019</link><dc:creator>Nicole Acevedo </dc:creator><description>Lawmakers questioned why HUD kicked off a funding process for 17 states affected by disasters — but left out Puerto Rico.</description><media:content url="https://media3.s-nbcnews.com/i/newscms/2019_42/3058921/191018-puerto-rico-al-1220_33e853f089939a9d722cee3bd91668bb.jpg" medium="image" height="1667" width="2500"><media:credit>Ricardo Arduengo</media:credit><media:text type="plain">Image: Puerto Rico</media:text><media:description type="plain">A man walks by a house with the blue tarp that was used to protect the roof damaged by Hurricane Maria in San Juan, Puerto Rico, on Sept. 18, 2019.</media:description></media:content><media:content url="https://media4.s-nbcnews.com/i/newscms/2019_42/3058916/191018-puerto-rico-al-1225_33e853f089939a9d722cee3bd91668bb.jpg" medium="image" height="1667" width="2500"><media:credit>Angel Valentin</media:credit><media:text type="plain">Image: Puerto Rico</media:text><media:description type="plain">A home destroyed by Hurricane Maria in Aibonito, Puerto Rico on Sept. 19, 2018.</media:description></media:content></item><item><guid>https://www.nbcnews.com/politics/white-house/trump-taps-energy-department-s-no-2-take-over-perry-n1068881?cid=public-rss_20191019</guid><title>Trump taps Energy Department&#39;s No. 2 to take over for Perry</title><dateTimeWritten>Fri, 18 Oct 2019 20:52:47 GMT</dateTimeWritten><pubDate>Fri, 18 Oct 2019 20:16:00 GMT</pubDate><updateDate>Fri, 18 Oct 2019 20:52:47 GMT</updateDate><expires></expires><link>https://www.nbcnews.com/politics/white-house/trump-taps-energy-department-s-no-2-take-over-perry-n1068881?cid=public-rss_20191019</link><dc:creator>Jonathan Allen and Shannon Pettypiece</dc:creator><description>Dan Brouillette, a quintessential Washington insider, is a &#34;total professional,&#34; the president said.</description><media:content url="https://media3.s-nbcnews.com/i/newscms/2019_42/3059241/191018-dan-brouillette-ew-400p_6b303d0d6b6d7beecac8cbc868b6db13.jpg" medium="image" height="1666" width="2500"><media:credit>Al Drago</media:credit><media:text type="plain">Environmental Protection Agency Administrator Andrew Wheeler Makes Policy Announcement</media:text><media:description type="plain">Dan Brouillette, U.S. deputy secretary of energy, speaks at the Environmental Protection Agency (EPA) headquarters in Washington on June 19, 2019.</media:description></media:content></item><item><guid>https://www.nbcnews.com/news/nbcblk/black-school-officer-was-fired-repeating-racial-slur-used-black-n1068751?cid=public-rss_20191019</guid><title>Black school officer was fired for repeating racial slur used by black student</title><dateTimeWritten>Sat, 19 Oct 2019 00:02:44 GMT</dateTimeWritten><pubDate>Fri, 18 Oct 2019 18:11:00 GMT</pubDate><updateDate>Sat, 19 Oct 2019 00:02:44 GMT</updateDate><expires></expires><link>https://www.nbcnews.com/news/nbcblk/black-school-officer-was-fired-repeating-racial-slur-used-black-n1068751?cid=public-rss_20191019</link><dc:creator>Janelle Griffith</dc:creator><description>The firing of Marlon Anderson in Madison, Wisconsin, prompted students to walk out in protest and school officials to say they will review their policies.</description><media:content url="https://media2.s-nbcnews.com/i/newscms/2019_42/3058881/191018-marlon-anderson-al-1152_33a55eae5008edb004e245bbd1bde478.jpg" medium="image" height="734" width="602"><media:credit>Courtesy Marlon Anderson</media:credit><media:text type="plain">Image: Marlon Anderson</media:text><media:description type="plain">Marlon Anderson was fired from West High School in Madison, Wis., for telling an unruly student who called him the N-word several times not to call him the racial slur.</media:description></media:content></item><item><guid>https://www.nbcnews.com/news/us-news/cruise-passenger-banned-life-after-standing-ledge-photo-n1068721?cid=public-rss_20191019</guid><title>Cruise passenger banned for life after standing on balcony railing for photo</title><dateTimeWritten>Sat, 19 Oct 2019 00:35:06 GMT</dateTimeWritten><pubDate>Sat, 19 Oct 2019 00:33:00 GMT</pubDate><updateDate>Sat, 19 Oct 2019 00:35:06 GMT</updateDate><expires></expires><link>https://www.nbcnews.com/news/us-news/cruise-passenger-banned-life-after-standing-ledge-photo-n1068721?cid=public-rss_20191019</link><dc:creator>Elisha Fieldstadt</dc:creator><description>A narrow balcony railing was all that separated her from plunging into the water.</description><media:content url="https://media1.s-nbcnews.com/i/newscms/2019_42/3059631/191018-allure-of-the-seas-2010-ac-813p_75cb26a4265e590bb9426c183de4451c.jpg" medium="image" height="1667" width="2500"><media:credit>Henrik Kettunen</media:credit><media:text type="plain">Image: Royal Caribbean&#39;s New Ship Allure Of The Seas</media:text><media:description type="plain">Royal Caribbean Cruises&#39; Allure of the Seas ship in Turku, Finland, in 2010.</media:description></media:content></item><item><guid>https://www.nbcnews.com/think/opinion/disney-s-maleficent-sequel-features-angelina-jolie-angelina-jolie-s-ncna1068781?cid=public-rss_20191019</guid><title>&#39;Maleficent&#39; sequel features a magnificent Angelina Jolie — but a mediocre plot</title><dateTimeWritten>Fri, 18 Oct 2019 20:29:29 GMT</dateTimeWritten><pubDate>Fri, 18 Oct 2019 20:29:29 GMT</pubDate><updateDate>Fri, 18 Oct 2019 20:29:29 GMT</updateDate><expires></expires><link>https://www.nbcnews.com/think/opinion/disney-s-maleficent-sequel-features-angelina-jolie-angelina-jolie-s-ncna1068781?cid=public-rss_20191019</link><dc:creator>Ani Bundel</dc:creator><description>“Maleficent: Mistress of Evil” isn&#39;t very good, but Jolie fans shouldn&#39;t worry — there&#39;s probably a third movie in the works.</description><media:content url="https://media1.s-nbcnews.com/i/newscms/2019_42/3059041/191018-maleficent-al-1325_93417394be230d2b2ac8b521a8da237a.jpg" medium="image" height="1368" width="2500"><media:credit>Courtesy of Disney</media:credit><media:text type="plain">Image: Angelina Jolie Maleficent</media:text><media:description type="plain">What&#39;s in a name? Angelina Jolie stars in Disney&#39;s &#34;Maleficent: Mistress of Evil.&#34;</media:description></media:content></item><item><guid>https://www.nbcnews.com/health/health-news/johnson-johnson-recall-baby-powder-after-asbestos-found-n1068686?cid=public-rss_20191019</guid><title>Johnson &amp; Johnson to recall 33,000 bottles of baby powder after asbestos found</title><dateTimeWritten>Fri, 18 Oct 2019 16:20:23 GMT</dateTimeWritten><pubDate>Fri, 18 Oct 2019 15:33:00 GMT</pubDate><updateDate>Fri, 18 Oct 2019 16:20:23 GMT</updateDate><expires></expires><link>https://www.nbcnews.com/health/health-news/johnson-johnson-recall-baby-powder-after-asbestos-found-n1068686?cid=public-rss_20191019</link><dc:creator>Reuters</dc:creator><description>The company also said it has started an investigation and is working with the U.S. Food and Drug Administration.</description><media:content url="https://media1.s-nbcnews.com/i/newscms/2019_42/2496356/180713-baby-powder-mc-940_510e0b6cfb0d2dd1a28c6982af115b30.JPG" medium="image" height="1667" width="2500"><media:credit>Lucas Jackson</media:credit><media:text type="plain">Image: Johnson &amp; Johnson baby powder</media:text><media:description type="plain">Bottles of Johnson &amp; Johnson baby powder line a drugstore shelf in New York.</media:description></media:content></item><item><guid>https://www.nbcnews.com/news/us-news/d-seek-murder-charge-against-former-fort-worth-officer-who-n1068906?cid=public-rss_20191019</guid><title>D.A. seeks murder charge against former Fort Worth officer who fatally shot Atatiana Jefferson</title><dateTimeWritten>Sat, 19 Oct 2019 00:21:48 GMT</dateTimeWritten><pubDate>Fri, 18 Oct 2019 22:31:00 GMT</pubDate><updateDate>Sat, 19 Oct 2019 00:21:48 GMT</updateDate><expires></expires><link>https://www.nbcnews.com/news/us-news/d-seek-murder-charge-against-former-fort-worth-officer-who-n1068906?cid=public-rss_20191019</link><dc:creator>Janelle Griffith</dc:creator><description>&#34;We will prosecute this case to the fullest extent of the law,&#34; the Tarrant County Criminal District Attorney&#39;s Office said.</description><media:content url="https://media1.s-nbcnews.com/i/newscms/2019_42/3051056/191014-atatiana-jefferson-cover-mn-1000_947c86c1551dbd2d5e57cf9d9d9cb07a.jpg" medium="image" height="600" width="1200"><media:credit>Family photos via KXAS</media:credit><media:text type="plain">Atatiana Jefferson</media:text><media:description type="plain">Atatiana Jefferson</media:description></media:content><media:content url="https://media2.s-nbcnews.com/i/newscms/2019_42/3051116/191014-atatiana-jefferson-inline-mn-1000_834f7e87a592c28049106667c28ab455.jpg" medium="image" height="600" width="690"><media:credit>Family photo via KXAS</media:credit><media:text type="plain">Atatiana Jefferson</media:text><media:description type="plain">Atatiana Jefferson</media:description></media:content><media:content url="https://media2.s-nbcnews.com/i/newscms/2019_42/3052046/191014-aaron-dean-mug-ac-822p_1a2629038f3df54d82bfc98e8b3f6aed.jpg" medium="image" height="800" width="638"><media:credit>Tarrant County Jail</media:credit><media:text type="plain">Image; Former Fort Worth officer Aaron Dean</media:text><media:description type="plain">Former Fort Worth officer Aaron Dean.</media:description></media:content></item><item><guid>https://www.nbcnews.com/news/world/least-62-people-dead-blast-afghanistan-mosque-n1068636?cid=public-rss_20191019</guid><title>At least 62 dead in blast at Afghanistan mosque</title><dateTimeWritten>Fri, 18 Oct 2019 15:49:20 GMT</dateTimeWritten><pubDate>Fri, 18 Oct 2019 14:19:00 GMT</pubDate><updateDate>Fri, 18 Oct 2019 15:49:20 GMT</updateDate><expires></expires><link>https://www.nbcnews.com/news/world/least-62-people-dead-blast-afghanistan-mosque-n1068636?cid=public-rss_20191019</link><dc:creator>Ahmed Mengli and Associated Press</dc:creator><description>The explosion took place as dozens of people gathered inside the mosque for weekly Friday prayers.</description><media:content url="https://media1.s-nbcnews.com/i/newscms/2019_42/3058651/191018-afghanistan-blast-mc-1511_7898baf23cf42fa948c845c0cdd267e3.JPG" medium="image" height="1667" width="2500"><media:credit>Noorullah Shirzada</media:credit><media:text type="plain">Image: A volunteer carries an injured youth to hospital, following a bomb blast in Haska Mina district of Nangarhar Province, Afghanistan</media:text><media:description type="plain">A volunteer carries an injured youth to a hospital following a blast during weekly Friday prayers in a mosque in Afghanistan.</media:description></media:content></item><item><guid>https://www.nbcnews.com/news/world/why-boris-johnson-s-brexit-deal-doesn-t-mean-end-n1068541?cid=public-rss_20191019</guid><title>After Boris Johnson&#39;s deal, is Brexit finally over? Not so fast</title><dateTimeWritten>Fri, 18 Oct 2019 15:56:37 GMT</dateTimeWritten><pubDate>Fri, 18 Oct 2019 15:37:00 GMT</pubDate><updateDate>Fri, 18 Oct 2019 15:56:37 GMT</updateDate><expires></expires><link>https://www.nbcnews.com/news/world/why-boris-johnson-s-brexit-deal-doesn-t-mean-end-n1068541?cid=public-rss_20191019</link><dc:creator>Alexander Smith</dc:creator><description>&#34;Getting the deal through Parliament is going to be difficult but not necessarily impossible,&#34; one expert said.</description><media:content url="https://media4.s-nbcnews.com/i/newscms/2019_42/3058376/191018-boris-brexit-mc-1251_634aafde0c6bac66c6e3e019fa2883c3.JPG" medium="image" height="1753" width="2500"><media:credit>Frank Augstein</media:credit><media:text type="plain">Image: British Prime Minister Boris Johnson, center, is greeted by Luxembourg&#39;s Prime Minister Xavier Bettel, center left, during a round table meeting at an EU summit in Brussels</media:text><media:description type="plain">British Prime Minister Boris Johnson, center, is greeted by Luxembourg&#39;s Prime Minister Xavier Bettel, center left, during a round table meeting at an EU summit in Brussels, Thursday, Oct. 17, 2019.</media:description></media:content><media:content url="https://media3.s-nbcnews.com/i/newscms/2019_42/3052811/191015-brexit-mn-1225-2_5041072d94464e4ceffd9fe9ff4bc95a.jpg" medium="image" height="1491" width="2500"><media:credit>Kirsty Wigglesworth</media:credit><media:text type="plain">Image:</media:text><media:description type="plain">A European Union flag flies near Parliament in London.</media:description></media:content></item><item><guid>https://www.nbcnews.com/think/opinion/turkey-fired-u-s-special-forces-syria-it-s-absurd-ncna1068361?cid=public-rss_20191019</guid><title>Why did Turkey get America&#39;s nukes — and how come they&#39;re still there?</title><dateTimeWritten>Fri, 18 Oct 2019 12:12:45 GMT</dateTimeWritten><pubDate>Fri, 18 Oct 2019 08:30:00 GMT</pubDate><updateDate>Fri, 18 Oct 2019 12:12:45 GMT</updateDate><expires></expires><link>https://www.nbcnews.com/think/opinion/turkey-fired-u-s-special-forces-syria-it-s-absurd-ncna1068361?cid=public-rss_20191019</link><dc:creator>Sébastien Roblin</dc:creator><description>It’s folly for the U.S. to expose itself to potential nuclear blackmail by keeping these weapons in a country with which it&#39;s increasingly in conflict.</description><media:content url="https://media3.s-nbcnews.com/i/newscms/2016_29/1272356/151022-us-f16-military-syria-mbm_9c9140c7cfb9993daf1dadd721aea782.jpg" medium="image" height="1407" width="2500"><media:credit>Krystal Ardrey</media:credit><media:text type="plain">Image: An F-16 Fighting Falcon takes off from Incirlik Air Base, Turkey</media:text><media:description type="plain">An F-16 Fighting Falcon takes off from Incirlik Air Base, Turkey on Aug. 12, 2015. The base holds about 50 U.S. nuclear bombs, but the F-16s aren&#39;t able to deploy them.</media:description></media:content></item><item><guid>https://www.nbcnews.com/news/us-news/boeing-knew-some-months-about-dangers-737-max-officials-said-n1068821?cid=public-rss_20191019</guid><title>Boeing knew for &#39;some months&#39; about the dangers of the 737 Max, officials said</title><dateTimeWritten>Fri, 18 Oct 2019 23:50:01 GMT</dateTimeWritten><pubDate>Fri, 18 Oct 2019 20:46:00 GMT</pubDate><updateDate>Fri, 18 Oct 2019 23:50:01 GMT</updateDate><expires></expires><link>https://www.nbcnews.com/news/us-news/boeing-knew-some-months-about-dangers-737-max-officials-said-n1068821?cid=public-rss_20191019</link><dc:creator>Jay Blackman and David K. Li</dc:creator><description>Company employees mentioned instabilities in the craft during a 2016 instant message chat.</description><media:content url="https://media3.s-nbcnews.com/i/newscms/2019_42/2782906/190312-ethiopia-plane-crash-cs-904a_2c91b25963a575aabe8d8d4badaecf51.jpg" medium="image" height="1667" width="2500"><media:credit>Mulugeta Ayene</media:credit><media:text type="plain">Image: Rescuers work the scene of the Ethiopian Airlines crash near Addis Ababa on March 11, 2019.</media:text><media:description type="plain">Rescuers work the scene of the Ethiopian Airlines crash near Addis Ababa on March 11, 2019.</media:description></media:content></item><item><guid>https://www.nbcnews.com/news/us-news/nanny-gets-20-years-sexually-abusing-child-having-his-baby-n1068676?cid=public-rss_20191019</guid><title>Nanny gets 20 years for sexually abusing child, having his baby</title><dateTimeWritten>Fri, 18 Oct 2019 17:22:16 GMT</dateTimeWritten><pubDate>Fri, 18 Oct 2019 16:51:00 GMT</pubDate><updateDate>Fri, 18 Oct 2019 17:22:16 GMT</updateDate><expires></expires><link>https://www.nbcnews.com/news/us-news/nanny-gets-20-years-sexually-abusing-child-having-his-baby-n1068676?cid=public-rss_20191019</link><dc:creator>David K. Li</dc:creator><description>The victim, now 17, lives with his 5-year-old son. The teen and his mom are raising the boy.</description><media:content url="https://media1.s-nbcnews.com/i/newscms/2019_42/3058846/191018-marissa-mowry-2x1-al-1127_88e09640bc2f4a4e8f959df0cd3d121f.JPG" medium="image" height="1250" width="2500"><media:credit>Hillsborough County Sheriff&#39;s Office</media:credit><media:text type="plain">Image: Marissa Mowry</media:text><media:description type="plain">Marissa Mowry.</media:description></media:content><media:content url="https://media4.s-nbcnews.com/i/newscms/2019_42/3058841/191018-marissa-mowry-al-1127_88e09640bc2f4a4e8f959df0cd3d121f.jpg" medium="image" height="493" width="357"><media:credit>Hillsborough County Sheriff&#39;s Office via AP</media:credit><media:text type="plain">Image: Marissa Mowry</media:text><media:description type="plain">Marissa Mowry.</media:description></media:content></item><item><guid>https://www.nbcnews.com/news/asian-america/china-halts-release-quentin-tarantino-s-once-upon-time-hollywood-n1068836?cid=public-rss_20191019</guid><title>China halts release of Quentin Tarantino&#39;s &#39;Once Upon a Time in Hollywood&#39;</title><dateTimeWritten>Fri, 18 Oct 2019 21:08:39 GMT</dateTimeWritten><pubDate>Fri, 18 Oct 2019 19:52:00 GMT</pubDate><updateDate>Fri, 18 Oct 2019 21:08:39 GMT</updateDate><expires></expires><link>https://www.nbcnews.com/news/asian-america/china-halts-release-quentin-tarantino-s-once-upon-time-hollywood-n1068836?cid=public-rss_20191019</link><dc:creator>Variety</dc:creator><description>One source told Variety the daughter of Bruce Lee has filed a complaint with China&#39;s National Film Administration about the on-screen depiction of her late father.</description><media:content url="https://media4.s-nbcnews.com/i/newscms/2019_30/2943681/190723-dicaprio-pitt-al-1157_c4cfa9c10299a44f5871caafb4f8c196.jpg" medium="image" height="1667" width="2500"><media:credit>Andrew Cooper</media:credit><media:text type="plain">Image: Once Upon a Time in Hollywood</media:text><media:description type="plain">Leonardo DiCaprio and Brad Pitt star in &#34;Once Upon a Time in Hollywood.&#34;</media:description></media:content></item><item><guid>https://www.nbcnews.com/better/lifestyle/what-paperclipping-another-annoying-dating-trend-explained-ncna1061191?cid=public-rss_20191019</guid><title>How to put an end to paperclipping — quite possibly the most annoying dating trend yet</title><dateTimeWritten>Fri, 18 Oct 2019 18:55:58 GMT</dateTimeWritten><pubDate>Fri, 18 Oct 2019 18:53:00 GMT</pubDate><updateDate>Fri, 18 Oct 2019 18:55:58 GMT</updateDate><expires></expires><link>https://www.nbcnews.com/better/lifestyle/what-paperclipping-another-annoying-dating-trend-explained-ncna1061191?cid=public-rss_20191019</link><dc:creator>Danielle Page</dc:creator><description>The pattern of behavior consists of dropping off the face of the planet after a few dates only to follow up months later to see if you&#39;ll still respond to their aimless questions.</description><media:content url="https://media2.s-nbcnews.com/i/newscms/2019_42/3051541/191014-paperclipping-dating-relationships-main-kh_3facda16609be6b8635d3415f368e52d.jpg" medium="image" height="1434" width="2560"><media:credit>Cari Vander Yacht</media:credit><media:text type="plain">Illustration of a paper clip posing in a sexy way.</media:text><media:description type="plain">Paperclipping is a behavior based on &#34;Clippy,&#34; the Microsoft help tool known for popping up whenever you didn&#39;t need him.</media:description></media:content><media:content url="https://media3.s-nbcnews.com/i/newscms/2019_42/3051536/191014-paperclipping-dating-relationships-1x1-kh_3facda16609be6b8635d3415f368e52d.jpg" medium="image" height="1500" width="1500"><media:credit>Cari Vander Yacht</media:credit><media:text type="plain">Illustration of a paper clip posing in a sexy way.</media:text><media:description type="plain"></media:description></media:content></item><item><guid>https://www.nbcnews.com/dateline/case-missing-illinois-teen-joshua-mahaffey-allegedly-last-seen-devil-n1068946?cid=public-rss_20191019</guid><title>Illinois teen&#39;s 1991 disappearance from Devil&#39;s Playground remains a mystery</title><dateTimeWritten>Fri, 18 Oct 2019 22:47:18 GMT</dateTimeWritten><pubDate>Fri, 18 Oct 2019 22:47:18 GMT</pubDate><updateDate>Fri, 18 Oct 2019 22:47:18 GMT</updateDate><expires></expires><link>https://www.nbcnews.com/dateline/case-missing-illinois-teen-joshua-mahaffey-allegedly-last-seen-devil-n1068946?cid=public-rss_20191019</link><dc:creator>Andrea Cavallier</dc:creator><description>Joshua Mahaffey got into an argument with his mother and climbed out of his Centralia bedroom window on October 12, 1991. Witness Tonya Collins claims she saw him being tortured and murdered at nearby Devil’s Playground. His body has never been found. The Marion and Clinton County Sheriffs’ Offices are investigating. </description><media:content url="https://media3.s-nbcnews.com/i/newscms/2019_42/3058961/josh_mahaffey_main_art_d493de9d9413dc15515ca1b7e9b6f685.png" medium="image" height="1080" width="1920"><media:credit></media:credit><media:text type="plain"></media:text><media:description type="plain"></media:description></media:content><media:content url="https://media2.s-nbcnews.com/i/newscms/2019_42/3058966/josh_mahaffey_main_art_d0951b73d3955bad38243ef61b2a56ec.png" medium="image" height="1080" width="1920"><media:credit></media:credit><media:text type="plain"></media:text><media:description type="plain"></media:description></media:content></item><item><guid>https://www.nbcnews.com/news/us-news/jane-fonda-sam-waterston-arrested-u-s-capitol-climate-protest-n1068841?cid=public-rss_20191019</guid><title>Jane Fonda, Sam Waterston arrested at U.S. Capitol climate protest</title><dateTimeWritten>Fri, 18 Oct 2019 20:24:03 GMT</dateTimeWritten><pubDate>Fri, 18 Oct 2019 20:20:00 GMT</pubDate><updateDate>Fri, 18 Oct 2019 20:24:03 GMT</updateDate><expires></expires><link>https://www.nbcnews.com/news/us-news/jane-fonda-sam-waterston-arrested-u-s-capitol-climate-protest-n1068841?cid=public-rss_20191019</link><dc:creator>The Associated Press</dc:creator><description>Fonda is returning to civil disobedience after a nearly half-century break, inspired by the climate activism of Swedish teenager Greta Thunberg.</description><media:content url="https://media1.s-nbcnews.com/i/newscms/2019_42/3059211/191018-jane-fonda-arrest-capitol-ew-322p_2a76b31428563717546bcba3195ccd72.jpg" medium="image" height="1665" width="2500"><media:credit>Manuel Balce Ceneta</media:credit><media:text type="plain">Image: Jane Fonda</media:text><media:description type="plain">Actress Jane Fonda gestures after being arrested during a rally on Capitol Hill on Oct. 18, 2019. A half-century after throwing her attention-getting celebrity status into Vietnam War protests, Fonda is now doing the same in a U.S. climate movement where the average age is 18.</media:description></media:content><media:content url="https://media2.s-nbcnews.com/i/newscms/2019_42/3059216/191018-sam-waterston-arrest-capitol-ew-322p_2a76b31428563717546bcba3195ccd72.jpg" medium="image" height="1667" width="2500"><media:credit>Sarah Silbiger</media:credit><media:text type="plain">Image: Jane Fonda leads Fire Drill Fridays outside the U.S. Capitol in Washington</media:text><media:description type="plain">Actor Sam Waterston is handcuffed and detained by Capitol Police during the &#34;Fire Drill Fridays&#34; protest outside the Library of Congress on Oct. 18, 2019.</media:description></media:content></item><item><guid>https://www.nbcnews.com/pop-culture/tv/maude-co-star-character-actor-bill-macy-dies-97-n1068846?cid=public-rss_20191019</guid><title>&#39;Maude&#39; co-star, character actor Bill Macy dies at 97</title><dateTimeWritten>Fri, 18 Oct 2019 20:05:15 GMT</dateTimeWritten><pubDate>Fri, 18 Oct 2019 20:04:00 GMT</pubDate><updateDate>Fri, 18 Oct 2019 20:05:15 GMT</updateDate><expires></expires><link>https://www.nbcnews.com/pop-culture/tv/maude-co-star-character-actor-bill-macy-dies-97-n1068846?cid=public-rss_20191019</link><dc:creator>The Associated Press</dc:creator><description>The stint as Walter Findlay on the CBS sitcom that aired from 1972-78 was Macy&#39;s highest-profile in a long stage, film and TV career.</description><media:content url="https://media3.s-nbcnews.com/i/newscms/2019_42/3059201/191018-bill-macy-ew-310p_0ddef967526dcb81475aa7e32f23b0b3.jpg" medium="image" height="1411" width="1928"><media:credit>Lennox McLendon</media:credit><media:text type="plain">Bill Macy</media:text><media:description type="plain">Actor Bill Macy in Los Angeles on April 27, 1987.</media:description></media:content></item><item><guid>https://www.nbcnews.com/business/business-news/wine-cheese-planes-experts-say-trump-opens-dangerous-new-front-n1068736?cid=public-rss_20191019</guid><title>Wine, cheese … and planes: Experts say Trump opens a dangerous new front in E.U. tariff fight</title><dateTimeWritten>Fri, 18 Oct 2019 21:37:59 GMT</dateTimeWritten><pubDate>Fri, 18 Oct 2019 18:34:00 GMT</pubDate><updateDate>Fri, 18 Oct 2019 21:37:59 GMT</updateDate><expires></expires><link>https://www.nbcnews.com/business/business-news/wine-cheese-planes-experts-say-trump-opens-dangerous-new-front-n1068736?cid=public-rss_20191019</link><dc:creator>Martha C. White</dc:creator><description>Long lead times and a lack of excess production capacity mean that it isn’t feasible for airlines to simply switch suppliers.</description><media:content url="https://media1.s-nbcnews.com/i/newscms/2019_42/3058956/191018-parmigiano-cheese-ew-1234p_257e3da51e75b3e86bd67b831d1cb7ea.jpg" medium="image" height="1664" width="2500"><media:credit>Marco Bertorello</media:credit><media:text type="plain">Image: ITALY-US-EU-TRADE-DISPUTE</media:text><media:description type="plain">A woman cuts a piece of Parmigiano Reggiano Parmesan cheese on Oct. 18, 2019 in a cheese shop in Saluzzo, near Turin, Italy.</media:description></media:content><media:content url="https://media2.s-nbcnews.com/i/newscms/2019_42/3058951/191018-wine-bottles-provence-ew-1235p_257e3da51e75b3e86bd67b831d1cb7ea.jpg" medium="image" height="1667" width="2500"><media:credit>Daniel Cole</media:credit><media:text type="plain">Image: US Europe Trade</media:text><media:description type="plain">Wine bottles on display in Le Cannet-des-Maures, in the Provence region of France.</media:description></media:content></item><item><guid>https://www.nbcnews.com/feature/nbc-out/two-decades-later-dawson-s-creek-actor-reflects-historic-gay-n1068741?cid=public-rss_20191019</guid><title>Two decades later, &#39;Dawson&#39;s Creek&#39; actor reflects on historic gay kiss</title><dateTimeWritten>Fri, 18 Oct 2019 18:37:02 GMT</dateTimeWritten><pubDate>Fri, 18 Oct 2019 17:44:00 GMT</pubDate><updateDate>Fri, 18 Oct 2019 18:37:02 GMT</updateDate><expires></expires><link>https://www.nbcnews.com/feature/nbc-out/two-decades-later-dawson-s-creek-actor-reflects-historic-gay-n1068741?cid=public-rss_20191019</link><dc:creator>Gwen Aviles </dc:creator><description>In the show’s 1998 season 3 finale, two actors shared what is considered TV’s first “passionate” kiss between two men.</description><media:content url="https://media1.s-nbcnews.com/i/newscms/2019_42/3059056/191018-dawson-creek-mn-1335_0017f3515c18a5d287d2461f789fb8e2.jpg" medium="image" height="1248" width="1622"><media:credit>Courtesy Everett Collection</media:credit><media:text type="plain">DAWSON&#39;S CREEK, Kerr Smith, Katie Holmes, James Van Der Beek, Joshua Jackson, Michelle Williams, (Se</media:text><media:description type="plain">From left, Kerr Smith, Katie Holmes, James Van Der Beek, Joshua Jackson and Michelle Williams in a promotional photo for the fifth season of &#34;Dawson&#39;s Creek.&#34;</media:description></media:content><media:content url="https://media3.s-nbcnews.com/i/newscms/2019_42/3059046/191018-dawson-creek-kerr-smith-mn-1330_038c2a205fd805a2075d184afbfb41f9.jpg" medium="image" height="1320" width="1950"><media:credit>Courtesy of Everett Collection</media:credit><media:text type="plain">DAWSON&#39;S CREEK, (Season 5), Kerr Smith, 1998-2003</media:text><media:description type="plain">Kerr Smith as Jack McPhee in &#34;Dawson&#39;s Creek.&#34;</media:description></media:content></item><item><guid>https://www.nbcnews.com/better/lifestyle/10-best-cookbooks-fall-2019-ncna1066481?cid=public-rss_20191019</guid><title>These new fall cookbooks will inspire you to make dinner tonight</title><dateTimeWritten>Fri, 18 Oct 2019 18:57:57 GMT</dateTimeWritten><pubDate>Fri, 18 Oct 2019 18:57:57 GMT</pubDate><updateDate>Fri, 18 Oct 2019 18:57:57 GMT</updateDate><expires></expires><link>https://www.nbcnews.com/better/lifestyle/10-best-cookbooks-fall-2019-ncna1066481?cid=public-rss_20191019</link><dc:creator>Nicole Spector</dc:creator><description>These hotly anticipated new cookbooks will inspire you to be a better cook — whether you have a few minutes on a weeknight or a few hours on Sunday afternoon.</description><media:content url="https://media4.s-nbcnews.com/i/newscms/2019_42/3056571/191017-cookbooks-al-0912_5a3031bb097ed814c70fd9a78e9e9786.png" medium="image" height="1250" width="2500"><media:credit></media:credit><media:text type="plain">Image: Cook books</media:text><media:description type="plain">&#34;Nothing Fancy: Unfussy Food for Having People Over&#34; by Alison Roman, &#34;Antoni in the Kitchen&#34; by Antoni Porowski and Mindy Fox, &#34;Cannelle et Vanille: Nourishing, Gluten-Free Recipes for Every Meal and Mood&#34; by Aran Goyoaga.</media:description></media:content><media:content url="https://media4.s-nbcnews.com/i/newscms/2019_42/3056586/191017-cookbooks-2x1-al-0914_d5a92f436a3e6c984217263a651b7def.jpg" medium="image" height="1250" width="2500"><media:credit></media:credit><media:text type="plain">Image: Cookbooks</media:text><media:description type="plain"></media:description></media:content></item><item><guid>https://www.nbcnews.com/feature/nbc-out/hong-kong-court-upholds-ban-same-sex-marriage-n1068631?cid=public-rss_20191019</guid><title>Hong Kong court upholds ban on same-sex marriage</title><dateTimeWritten>Fri, 18 Oct 2019 15:42:34 GMT</dateTimeWritten><pubDate>Fri, 18 Oct 2019 15:42:33 GMT</pubDate><updateDate>Fri, 18 Oct 2019 15:42:34 GMT</updateDate><expires></expires><link>https://www.nbcnews.com/feature/nbc-out/hong-kong-court-upholds-ban-same-sex-marriage-n1068631?cid=public-rss_20191019</link><dc:creator>Reuters</dc:creator><description>Homosexuality has been decriminalized since 1991 in Hong Kong, a former British colony that returned to Chinese rule in &#39;97, but gay unions remain illegal.</description><media:content url="https://media4.s-nbcnews.com/i/newscms/2019_42/3058661/191018-hong-kong-pride-ew-1021a_0cc1ea3340bffa469d092e648111dd50.jpg" medium="image" height="1663" width="2500"><media:credit>Yan Zhao</media:credit><media:text type="plain">HONG KONG-POLITICS-HOMOSEXUALITY-GAY-PARADE</media:text><media:description type="plain">Participants hold a large rainbow flag as they take part in the annual pride parade at Victoria park in Hong Kong on Nov. 17, 2018.</media:description></media:content></item><item><guid>https://www.nbcnews.com/politics/2020-election/attorney-tied-laquan-mcdonald-case-host-buttigieg-event-n1068656?cid=public-rss_20191019</guid><title>Buttigieg campaign cuts ties with donor linked to Laquan McDonald case</title><dateTimeWritten>Fri, 18 Oct 2019 21:47:05 GMT</dateTimeWritten><pubDate>Fri, 18 Oct 2019 15:38:00 GMT</pubDate><updateDate>Fri, 18 Oct 2019 21:47:05 GMT</updateDate><expires></expires><link>https://www.nbcnews.com/politics/2020-election/attorney-tied-laquan-mcdonald-case-host-buttigieg-event-n1068656?cid=public-rss_20191019</link><dc:creator>Josh Lederman and Priscilla Thompson and Associated Press</dc:creator><description>&#34;Transparency and justice for Laquan McDonald is more important than a campaign contribution,&#34; spokesman Chris Meagher said in a statement.</description><media:content url="https://media3.s-nbcnews.com/i/newscms/2019_42/3058796/191018-pete-buttigieg-ew-1112a_a1ed2609a233c43cc5df284033b0654c.jpg" medium="image" height="1667" width="2500"><media:credit>Scott Olson</media:credit><media:text type="plain">Image: Democratic Presidential Candidate Pete Buttigieg Campaigns In Des Moines, Iowa</media:text><media:description type="plain">South Bend, Indiana, Mayor Pete Buttigieg speaks at a town hall meeting he hosted at Roosevelt High School on Oct. 12, 2019, in Des Moines, Iowa.</media:description></media:content><media:content url="https://media3.s-nbcnews.com/i/newscms/2019_42/3058801/191018-rahm-emanuel-steve-patton-ew-1113a_a1ed2609a233c43cc5df284033b0654c.jpg" medium="image" height="1708" width="2500"><media:credit>nancy Stone/Chicago Tribune</media:credit><media:text type="plain">Chicago mayor apologizes for Laquan McDonald shooting</media:text><media:description type="plain">Mayor Emanuel and Steve Patton, corporation counsel, listen as Alderman and former police sergeant Christopher Taliaferro, 29th, speaks in favor of a resolution to create a task force looking into police misconduct but wants to see it expanded with more people who are not insiders on Dec. 9, 2015 at the Chicago City Council in Chicago.</media:description></media:content></item><item><guid>https://www.nbcnews.com/news/latino/actress-s-nia-braga-merges-personal-political-cinematic-n1065156?cid=public-rss_20191019</guid><title>Actress Sônia Braga merges the personal, political and cinematic</title><dateTimeWritten>Fri, 18 Oct 2019 14:52:55 GMT</dateTimeWritten><pubDate>Fri, 18 Oct 2019 14:29:00 GMT</pubDate><updateDate>Fri, 18 Oct 2019 14:52:55 GMT</updateDate><expires></expires><link>https://www.nbcnews.com/news/latino/actress-s-nia-braga-merges-personal-political-cinematic-n1065156?cid=public-rss_20191019</link><dc:creator>Monica Castillo </dc:creator><description>“I don&#39;t think I would be able to work with a great face, a great actor but doesn&#39;t care or understand...the things we believe in,” said filmmaker Kleber Mendonça Filho about Braga.</description><media:content url="https://media2.s-nbcnews.com/i/newscms/2019_42/3058621/191018-sonia-braga-al-0955_7d5c076a7514952b1d90878bb030d12f.jpg" medium="image" height="1667" width="2500"><media:credit>Luca Teuchmann</media:credit><media:text type="plain">Image: Sonia Braga</media:text><media:description type="plain">Sonia Braga attends the screening of &#34;Elle&#34; at the annual 69th Cannes Film Festival at Palais des Festivals on May 21, 2016 in Cannes, France.</media:description></media:content><media:content url="https://media4.s-nbcnews.com/i/newscms/2019_41/3049041/191011-sonia-braga-se-352p_32cd3df4046921674627167386640342.jpg" medium="image" height="1667" width="2500"><media:credit>Bruna Prado</media:credit><media:text type="plain">Sonia Braga</media:text><media:description type="plain">Brazilian actress Sonia Braga shows her red painted hands to symbolize blood, during a protest in defense of the Amazon while fires burn in that region, in Rio de Janeiro, Brazil, on Aug, 25, 2019.</media:description></media:content></item></channel></rss>